<?xml version="1.0" encoding="ISO-8859-1" standalone="yes"?>
<app version="1">
	<name>Nintendont</name>
	<coder>FIX94, crediar</coder>
	<version>4.483</version>
	<release_date>20161218000000</release_date>
	<short_description>Gamecube Loader</short_description>
	<long_description>Commiters: JoostinOnline, GreyRogue, Howard, Cyan, nastys 

 Project website: https://github.com/FIX94/Nintendont 

Nintendont te permite correr juegos de Gamecube en tu Wii o Wii U desde una tarjeta SD o disco duro.
Para mas informacion visita wii.scenebeta.com</long_description>
	<no_ios_reload/>
	<ahb_access/>
</app>

